DATE,SP500
07/10/08,1253.39
07/11/08,1239.49
07/14/08,1228.3
07/15/08,1214.91
07/16/08,1245.36
07/17/08,1260.32
07/18/08,1260.68
07/21/08,1260
07/22/08,1277
07/23/08,1282.19
07/24/08,1252.54
07/25/08,1257.76
07/28/08,1234.37
07/29/08,1263.2
07/30/08,1284.26
07/31/08,1267.38
08/01/08,1260.31
08/04/08,1249.01
08/05/08,1284.88
08/06/08,1289.19
08/07/08,1266.07
08/08/08,1296.32
08/11/08,1305.32
08/12/08,1289.59
08/13/08,1285.83
08/14/08,1292.93
08/15/08,1298.2
08/18/08,1278.6
08/19/08,1266.69
08/20/08,1274.54
08/21/08,1277.72
08/22/08,1292.2
08/25/08,1266.84
08/26/08,1271.51
08/27/08,1281.66
08/28/08,1300.68
08/29/08,1282.83
09/01/08,0
09/02/08,1277.58
09/03/08,1274.98
09/04/08,1236.83
09/05/08,1242.31
09/08/08,1267.79
09/09/08,1224.51
09/10/08,1232.04
09/11/08,1249.05
09/12/08,1251.7
09/15/08,1192.7
09/16/08,1213.59
09/17/08,1156.39
09/18/08,1206.51
09/19/08,1255.08
09/22/08,1207.09
09/23/08,1188.22
09/24/08,1185.87
09/25/08,1209.18
09/26/08,1213.01
09/29/08,1106.39
09/30/08,1166.36
10/01/08,1161.06
10/02/08,1114.28
10/03/08,1099.23
10/06/08,1056.89
10/07/08,996.23
10/08/08,984.94
10/09/08,909.92
10/10/08,899.22
10/13/08,1003.35
10/14/08,998.01
10/15/08,907.84
10/16/08,946.43
10/17/08,940.55
10/20/08,985.4
10/21/08,955.05
10/22/08,896.78
10/23/08,908.11
10/24/08,876.77
10/27/08,848.92
10/28/08,940.51
10/29/08,930.09
10/30/08,954.09
10/31/08,968.75
11/03/08,966.3
11/04/08,1005.75
11/05/08,952.77
11/06/08,904.88
11/07/08,930.99
11/10/08,919.21
11/11/08,898.95
11/12/08,852.3
11/13/08,911.29
11/14/08,873.29
11/17/08,850.75
11/18/08,859.12
11/19/08,806.58
11/20/08,752.44
11/21/08,800.03
11/24/08,851.81
11/25/08,857.39
11/26/08,887.68
11/27/08,0
11/28/08,896.24
12/01/08,816.21
12/02/08,848.81
12/03/08,870.74
12/04/08,845.22
12/05/08,876.07
12/08/08,909.7
12/09/08,888.67
12/10/08,899.24
12/11/08,873.59
12/12/08,879.73
12/15/08,868.57
12/16/08,913.18
12/17/08,904.42
12/18/08,885.28
12/19/08,887.88
12/22/08,871.63
12/23/08,863.16
12/24/08,868.15
12/25/08,0
12/26/08,872.8
12/29/08,869.42
12/30/08,890.64
12/31/08,903.25
01/01/09,0
01/02/09,931.8
01/05/09,927.45
01/06/09,934.7
01/07/09,906.65
01/08/09,909.73
01/09/09,890.35
01/12/09,870.26
01/13/09,871.79
01/14/09,842.62
01/15/09,843.74
01/16/09,850.12
01/19/09,0
01/20/09,805.22
01/21/09,840.24
01/22/09,827.5
01/23/09,831.95
01/26/09,836.57
01/27/09,845.71
01/28/09,874.09
01/29/09,845.14
01/30/09,825.88
02/02/09,825.44
02/03/09,838.51
02/04/09,832.23
02/05/09,845.85
02/06/09,868.6
02/09/09,869.89
02/10/09,827.16
02/11/09,833.74
02/12/09,835.19
02/13/09,826.84
02/16/09,0
02/17/09,789.17
02/18/09,788.42
02/19/09,778.94
02/20/09,770.05
02/23/09,743.33
02/24/09,773.14
02/25/09,764.9
02/26/09,752.83
02/27/09,735.09
03/02/09,700.82
03/03/09,696.33
03/04/09,712.87
03/05/09,682.55
03/06/09,683.38
03/09/09,676.53
03/10/09,719.6
03/11/09,721.36
03/12/09,750.74
03/13/09,756.55
03/16/09,753.89
03/17/09,778.12
03/18/09,794.35
03/19/09,784.04
03/20/09,768.54
03/23/09,822.92
03/24/09,806.12
03/25/09,813.88
03/26/09,832.86
03/27/09,815.94
03/30/09,787.53
03/31/09,797.87
04/01/09,811.08
04/02/09,834.38
04/03/09,842.5
04/06/09,835.48
04/07/09,815.55
04/08/09,825.16
04/09/09,856.56
04/10/09,0
04/13/09,858.73
04/14/09,841.5
04/15/09,852.06
04/16/09,865.3
04/17/09,869.6
04/20/09,832.39
04/21/09,850.08
04/22/09,843.55
04/23/09,851.92
04/24/09,866.23
04/27/09,857.51
04/28/09,855.16
04/29/09,873.64
04/30/09,872.81
05/01/09,877.52
05/04/09,907.24
05/05/09,903.8
05/06/09,919.53
05/07/09,907.39
05/08/09,929.23
05/11/09,909.24
05/12/09,908.35
05/13/09,883.92
05/14/09,893.07
05/15/09,882.88
05/18/09,909.71
05/19/09,908.13
05/20/09,903.47
05/21/09,888.33
05/22/09,887
05/25/09,0
05/26/09,910.33
05/27/09,893.06
05/28/09,906.83
05/29/09,919.14
06/01/09,942.87
06/02/09,944.74
06/03/09,931.76
06/04/09,942.46
06/05/09,940.09
06/08/09,939.14
06/09/09,942.43
06/10/09,939.15
06/11/09,944.89
06/12/09,946.21
06/15/09,923.72
06/16/09,911.97
06/17/09,910.71
06/18/09,918.37
06/19/09,921.23
06/22/09,893.04
06/23/09,895.1
06/24/09,900.94
06/25/09,920.26
06/26/09,918.9
06/29/09,927.23
06/30/09,919.32
07/01/09,923.33
07/02/09,896.42
07/03/09,0
07/06/09,898.72
07/07/09,881.03
07/08/09,879.56
07/09/09,882.68
07/10/09,879.13
07/13/09,901.05
07/14/09,905.84
07/15/09,932.68
07/16/09,940.74
07/17/09,940.38
07/20/09,951.13
07/21/09,954.58
07/22/09,954.07
07/23/09,976.29
07/24/09,979.26
07/27/09,982.18
07/28/09,979.62
07/29/09,975.15
07/30/09,986.75
07/31/09,987.48
08/03/09,1002.63
08/04/09,1005.65
08/05/09,1002.72
08/06/09,997.08
08/07/09,1010.48
08/10/09,1007.1
08/11/09,994.35
08/12/09,1005.81
08/13/09,1012.73
08/14/09,1004.09
08/17/09,979.73
08/18/09,989.67
08/19/09,996.46
08/20/09,1007.37
08/21/09,1026.13
08/24/09,1025.57
08/25/09,1028
08/26/09,1028.12
08/27/09,1030.98
08/28/09,1028.93
08/31/09,1020.62
09/01/09,998.04
09/02/09,994.75
09/03/09,1003.24
09/04/09,1016.4
09/07/09,0
09/08/09,1025.39
09/09/09,1033.37
09/10/09,1044.14
09/11/09,1042.73
09/14/09,1049.34
09/15/09,1052.63
09/16/09,1068.76
09/17/09,1065.49
09/18/09,1068.3
09/21/09,1064.66
09/22/09,1071.66
09/23/09,1060.87
09/24/09,1050.78
09/25/09,1044.38
09/28/09,1062.98
09/29/09,1060.61
09/30/09,1057.08
10/01/09,1029.85
10/02/09,1025.21
10/05/09,1040.46
10/06/09,1054.72
10/07/09,1057.58
10/08/09,1065.48
10/09/09,1071.49
10/12/09,1076.19
10/13/09,1073.19
10/14/09,1092.02
10/15/09,1096.56
10/16/09,1087.68
10/19/09,1097.91
10/20/09,1091.06
10/21/09,1081.4
10/22/09,1092.91
10/23/09,1079.6
10/26/09,1066.95
10/27/09,1063.41
10/28/09,1042.63
10/29/09,1066.11
10/30/09,1036.19
11/02/09,1042.88
11/03/09,1045.41
11/04/09,1046.5
11/05/09,1066.63
11/06/09,1069.3
11/09/09,1093.08
11/10/09,1093.01
11/11/09,1098.51
11/12/09,1087.24
11/13/09,1093.48
11/16/09,1109.3
11/17/09,1110.32
11/18/09,1109.8
11/19/09,1094.9
11/20/09,1091.38
11/23/09,1106.24
11/24/09,1105.65
11/25/09,1110.63
11/26/09,0
11/27/09,1091.49
11/30/09,1095.63
12/01/09,1108.86
12/02/09,1109.24
12/03/09,1099.92
12/04/09,1105.98
12/07/09,1103.25
12/08/09,1091.94
12/09/09,1095.95
12/10/09,1102.35
12/11/09,1106.41
12/14/09,1114.11
12/15/09,1107.93
12/16/09,1109.18
12/17/09,1096.08
12/18/09,1102.47
12/21/09,1114.05
12/22/09,1118.02
12/23/09,1120.59
12/24/09,1126.48
12/25/09,0
12/28/09,1127.78
12/29/09,1126.2
12/30/09,1126.42
12/31/09,1115.1
01/01/10,0
01/04/10,1132.99
01/05/10,1136.52
01/06/10,1137.14
01/07/10,1141.69
01/08/10,1144.98
01/11/10,1146.98
01/12/10,1136.22
01/13/10,1145.68
01/14/10,1148.46
01/15/10,1136.03
01/18/10,0
01/19/10,1150.23
01/20/10,1138.04
01/21/10,1116.48
01/22/10,1091.76
01/25/10,1096.78
01/26/10,1092.17
01/27/10,1097.5
01/28/10,1084.53
01/29/10,1073.87
02/01/10,1089.19
02/02/10,1103.32
02/03/10,1097.28
02/04/10,1063.11
02/05/10,1066.19
02/08/10,1056.74
02/09/10,1070.52
02/10/10,1068.13
02/11/10,1078.47
02/12/10,1075.51
02/15/10,0
02/16/10,1094.87
02/17/10,1099.51
02/18/10,1106.75
02/19/10,1109.17
02/22/10,1108.01
02/23/10,1094.6
02/24/10,1105.24
02/25/10,1102.94
02/26/10,1104.49
03/01/10,1115.71
03/02/10,1118.31
03/03/10,1118.79
03/04/10,1122.97
03/05/10,1138.7
03/08/10,1138.5
03/09/10,1140.45
03/10/10,1145.61
03/11/10,1150.24
03/12/10,1149.99
03/15/10,1150.51
03/16/10,1159.46
03/17/10,1166.21
03/18/10,1165.83
03/19/10,1159.9
03/22/10,1165.81
03/23/10,1174.17
03/24/10,1167.72
03/25/10,1165.73
03/26/10,1166.59
03/29/10,1173.22
03/30/10,1173.27
03/31/10,1169.43
04/01/10,1178.1
04/02/10,0
04/05/10,1187.44
04/06/10,1189.44
04/07/10,1182.45
04/08/10,1186.44
04/09/10,1194.37
04/12/10,1196.48
04/13/10,1197.3
04/14/10,1210.65
04/15/10,1211.67
04/16/10,1192.13
04/19/10,1197.52
04/20/10,1207.17
04/21/10,1205.94
04/22/10,1208.67
04/23/10,1217.28
04/26/10,1212.05
04/27/10,1183.71
04/28/10,1191.36
04/29/10,1206.78
04/30/10,1186.69
05/03/10,1202.26
05/04/10,1173.6
05/05/10,1165.9
05/06/10,1128.15
05/07/10,1110.88
05/10/10,1159.73
05/11/10,1155.79
05/12/10,1171.67
05/13/10,1157.44
05/14/10,1135.68
05/17/10,1136.94
05/18/10,1120.8
05/19/10,1115.05
05/20/10,1071.59
05/21/10,1087.69
05/24/10,1073.65
05/25/10,1074.03
05/26/10,1067.95
05/27/10,1103.06
05/28/10,1089.41
05/31/10,0
06/01/10,1070.71
06/02/10,1098.38
06/03/10,1102.83
06/04/10,1064.88
06/07/10,1050.47
06/08/10,1062
06/09/10,1055.69
06/10/10,1086.84
06/11/10,1091.6
06/14/10,1089.63
06/15/10,1115.23
06/16/10,1114.61
06/17/10,1116.04
06/18/10,1117.51
06/21/10,1113.2
06/22/10,1095.31
06/23/10,1092.04
06/24/10,1073.69
06/25/10,1076.76
06/28/10,1074.57
06/29/10,1041.24
06/30/10,1030.71
07/01/10,1027.37
07/02/10,1022.58
07/05/10,0
07/06/10,1028.06
07/07/10,1060.27
07/08/10,1070.25
07/09/10,1077.96
07/12/10,1078.75
07/13/10,1095.34
07/14/10,1095.17
07/15/10,1096.48
07/16/10,1064.88
07/19/10,1071.25
07/20/10,1083.48
07/21/10,1069.59
07/22/10,1093.67
07/23/10,1102.66
07/26/10,1115.01
07/27/10,1113.84
07/28/10,1106.13
07/29/10,1101.53
07/30/10,1101.6
08/02/10,1125.86
08/03/10,1120.46
08/04/10,1127.24
08/05/10,1125.81
08/06/10,1121.64
08/09/10,1127.79
08/10/10,1121.06
08/11/10,1089.47
08/12/10,1083.61
08/13/10,1079.25
08/16/10,1079.38
08/17/10,1092.54
08/18/10,1094.16
08/19/10,1075.63
08/20/10,1071.69
08/23/10,1067.36
08/24/10,1051.87
08/25/10,1055.33
08/26/10,1047.22
08/27/10,1064.59
08/30/10,1048.92
08/31/10,1049.33
09/01/10,1080.29
09/02/10,1090.1
09/03/10,1104.51
09/06/10,0
09/07/10,1091.84
09/08/10,1098.87
09/09/10,1104.18
09/10/10,1109.55
09/13/10,1121.9
09/14/10,1121.1
09/15/10,1125.07
09/16/10,1124.66
09/17/10,1125.59
09/20/10,1142.71
09/21/10,1139.78
09/22/10,1134.28
09/23/10,1124.83
09/24/10,1148.67
09/27/10,1142.16
09/28/10,1147.7
09/29/10,1144.73
09/30/10,1141.2
10/01/10,1146.24
10/04/10,1137.03
10/05/10,1160.75
10/06/10,1159.97
10/07/10,1158.06
10/08/10,1165.15
10/11/10,1165.32
10/12/10,1169.77
10/13/10,1178.1
10/14/10,1173.81
10/15/10,1176.19
10/18/10,1184.71
10/19/10,1165.9
10/20/10,1178.17
10/21/10,1180.26
10/22/10,1183.08
10/25/10,1185.62
10/26/10,1185.64
10/27/10,1182.45
10/28/10,1183.78
10/29/10,1183.26
11/01/10,1184.38
11/02/10,1193.57
11/03/10,1197.96
11/04/10,1221.06
11/05/10,1225.85
11/08/10,1223.25
11/09/10,1213.4
11/10/10,1218.71
11/11/10,1213.54
11/12/10,1199.21
11/15/10,1197.75
11/16/10,1178.34
11/17/10,1178.59
11/18/10,1196.69
11/19/10,1199.73
11/22/10,1197.84
11/23/10,1180.73
11/24/10,1198.35
11/25/10,0
11/26/10,1189.4
11/29/10,1187.76
11/30/10,1180.55
12/01/10,1206.07
12/02/10,1221.53
12/03/10,1224.71
12/06/10,1223.12
12/07/10,1223.75
12/08/10,1228.28
12/09/10,1233
12/10/10,1240.4
12/13/10,1240.46
12/14/10,1241.59
12/15/10,1235.23
12/16/10,1242.87
12/17/10,1243.91
12/20/10,1247.08
12/21/10,1254.6
12/22/10,1258.84
12/23/10,1256.77
12/24/10,0
12/27/10,1257.54
12/28/10,1258.51
12/29/10,1259.78
12/30/10,1257.88
12/31/10,1257.64
01/03/11,1271.87
01/04/11,1270.2
01/05/11,1276.56
01/06/11,1273.85
01/07/11,1271.5
01/10/11,1269.75
01/11/11,1274.48
01/12/11,1285.96
01/13/11,1283.76
01/14/11,1293.24
01/17/11,0
01/18/11,1295.02
01/19/11,1281.92
01/20/11,1280.26
01/21/11,1283.35
01/24/11,1290.84
01/25/11,1291.18
01/26/11,1296.63
01/27/11,1299.54
01/28/11,1276.34
01/31/11,1286.12
02/01/11,1307.59
02/02/11,1304.03
02/03/11,1307.1
02/04/11,1310.87
02/07/11,1319.05
02/08/11,1324.57
02/09/11,1320.88
02/10/11,1321.87
02/11/11,1329.15
02/14/11,1332.32
02/15/11,1328.01
02/16/11,1336.32
02/17/11,1340.43
02/18/11,1343.01
02/21/11,0
02/22/11,1315.44
02/23/11,1307.4
02/24/11,1306.1
02/25/11,1319.88
02/28/11,1327.22
03/01/11,1306.33
03/02/11,1308.44
03/03/11,1330.97
03/04/11,1321.15
03/07/11,1310.13
03/08/11,1321.82
03/09/11,1320.02
03/10/11,1295.11
03/11/11,1304.28
03/14/11,1296.39
03/15/11,1281.87
03/16/11,1256.88
03/17/11,1273.72
03/18/11,1279.2
03/21/11,1298.38
03/22/11,1293.77
03/23/11,1297.54
03/24/11,1309.66
03/25/11,1313.8
03/28/11,1310.19
03/29/11,1319.44
03/30/11,1328.26
03/31/11,1325.83
04/01/11,1332.41
04/04/11,1332.87
04/05/11,1332.63
04/06/11,1335.54
04/07/11,1333.51
04/08/11,1328.17
04/11/11,1324.46
04/12/11,1314.16
04/13/11,1314.41
04/14/11,1314.52
04/15/11,1319.68
04/18/11,1305.14
04/19/11,1312.62
04/20/11,1330.36
04/21/11,1337.38
04/22/11,0
04/25/11,1335.25
04/26/11,1347.24
04/27/11,1355.66
04/28/11,1360.48
04/29/11,1363.61
05/02/11,1361.22
05/03/11,1356.62
05/04/11,1347.32
05/05/11,1335.1
05/06/11,1340.2
05/09/11,1346.29
05/10/11,1357.16
05/11/11,1342.08
05/12/11,1348.65
05/13/11,1337.77
05/16/11,1329.47
05/17/11,1328.98
05/18/11,1340.68
05/19/11,1343.6
05/20/11,1333.27
05/23/11,1317.37
05/24/11,1316.28
05/25/11,1320.47
05/26/11,1325.69
05/27/11,1331.1
05/30/11,0
05/31/11,1345.2
06/01/11,1314.55
06/02/11,1312.94
06/03/11,1300.16
06/06/11,1286.17
06/07/11,1284.94
06/08/11,1279.56
06/09/11,1289
06/10/11,1270.98
06/13/11,1271.83
06/14/11,1287.87
06/15/11,1265.42
06/16/11,1267.64
06/17/11,1271.5
06/20/11,1278.36
06/21/11,1295.52
06/22/11,1287.14
06/23/11,1283.5
06/24/11,1268.45
06/27/11,1280.1
06/28/11,1296.67
06/29/11,1307.41
06/30/11,1320.64
07/01/11,1339.67
07/04/11,0
07/05/11,1337.88
07/06/11,1339.22
07/07/11,1353.22
07/08/11,1343.8
07/11/11,1319.49
07/12/11,1313.64
07/13/11,1317.72
07/14/11,1308.87
07/15/11,1316.14
07/18/11,1305.44
07/19/11,1326.73
07/20/11,1325.84
07/21/11,1343.8
07/22/11,1345.02
07/25/11,1337.43
07/26/11,1331.94
07/27/11,1304.89
07/28/11,1300.67
07/29/11,1292.28
08/01/11,1286.94
08/02/11,1254.05
08/03/11,1260.34
08/04/11,1200.07
08/05/11,1199.38
08/08/11,1119.46
08/09/11,1172.53
08/10/11,1120.76
08/11/11,1172.64
08/12/11,1178.81
08/15/11,1204.49
08/16/11,1192.76
08/17/11,1193.89
08/18/11,1140.65
08/19/11,1123.53
08/22/11,1123.82
08/23/11,1162.35
08/24/11,1177.6
08/25/11,1159.27
08/26/11,1176.8
08/29/11,1210.08
08/30/11,1212.92
08/31/11,1218.89
09/01/11,1204.42
09/02/11,1173.97
09/05/11,0
09/06/11,1165.24
09/07/11,1198.62
09/08/11,1185.9
09/09/11,1154.23
09/12/11,1162.27
09/13/11,1172.87
09/14/11,1188.68
09/15/11,1209.11
09/16/11,1216.01
09/19/11,1204.09
09/20/11,1202.09
09/21/11,1166.76
09/22/11,1129.56
09/23/11,1136.43
09/26/11,1162.95
09/27/11,1175.38
09/28/11,1151.06
09/29/11,1160.4
09/30/11,1131.42
10/03/11,1099.23
10/04/11,1123.95
10/05/11,1144.03
10/06/11,1164.97
10/07/11,1155.46
10/10/11,1194.89
10/11/11,1195.54
10/12/11,1207.25
10/13/11,1203.66
10/14/11,1224.58
10/17/11,1200.86
10/18/11,1225.38
10/19/11,1209.88
10/20/11,1215.39
10/21/11,1238.25
10/24/11,1254.19
10/25/11,1229.05
10/26/11,1242
10/27/11,1284.59
10/28/11,1285.09
10/31/11,1253.3
11/01/11,1218.28
11/02/11,1237.9
11/03/11,1261.15
11/04/11,1253.23
11/07/11,1261.12
11/08/11,1275.92
11/09/11,1229.1
11/10/11,1239.69
11/11/11,1263.85
11/14/11,1251.78
11/15/11,1257.81
11/16/11,1236.91
11/17/11,1216.13
11/18/11,1215.65
11/21/11,1192.98
11/22/11,1188.04
11/23/11,1161.79
11/24/11,0
11/25/11,1158.67
11/28/11,1192.55
11/29/11,1195.19
11/30/11,1246.96
12/01/11,1244.58
12/02/11,1244.28
12/05/11,1257.08
12/06/11,1258.47
12/07/11,1261.01
12/08/11,1234.35
12/09/11,1255.19
12/12/11,1236.47
12/13/11,1225.73
12/14/11,1211.82
12/15/11,1215.75
12/16/11,1219.66
12/19/11,1205.35
12/20/11,1241.3
12/21/11,1243.72
12/22/11,1254
12/23/11,1265.33
12/26/11,0
12/27/11,1265.43
12/28/11,1249.64
12/29/11,1263.02
12/30/11,1257.6
01/02/12,0
01/03/12,1277.06
01/04/12,1277.3
01/05/12,1281.06
01/06/12,1277.81
01/09/12,1280.7
01/10/12,1292.08
01/11/12,1292.48
01/12/12,1295.5
01/13/12,1289.09
01/16/12,0
01/17/12,1293.67
01/18/12,1308.04
01/19/12,1314.5
01/20/12,1315.38
01/23/12,1316
01/24/12,1314.65
01/25/12,1326.05
01/26/12,1318.43
01/27/12,1316.33
01/30/12,1313.01
01/31/12,1312.41
02/01/12,1324.09
02/02/12,1325.54
02/03/12,1344.9
02/06/12,1344.33
02/07/12,1347.05
02/08/12,1349.96
02/09/12,1351.95
02/10/12,1342.64
02/13/12,1351.77
02/14/12,1350.5
02/15/12,1343.23
02/16/12,1358.04
02/17/12,1361.23
02/20/12,0
02/21/12,1362.21
02/22/12,1357.66
02/23/12,1363.46
02/24/12,1365.74
02/27/12,1367.59
02/28/12,1372.18
02/29/12,1365.68
03/01/12,1374.09
03/02/12,1369.63
03/05/12,1364.33
03/06/12,1343.36
03/07/12,1352.63
03/08/12,1365.91
03/09/12,1370.87
03/12/12,1371.09
03/13/12,1395.95
03/14/12,1394.28
03/15/12,1402.6
03/16/12,1404.17
03/19/12,1409.75
03/20/12,1405.52
03/21/12,1402.89
03/22/12,1392.78
03/23/12,1397.11
03/26/12,1416.51
03/27/12,1412.52
03/28/12,1405.54
03/29/12,1403.28
03/30/12,1408.47
04/02/12,1419.04
04/03/12,1413.38
04/04/12,1398.96
04/05/12,1398.08
04/06/12,0
04/09/12,1382.2
04/10/12,1358.59
04/11/12,1368.71
04/12/12,1387.57
04/13/12,1370.26
04/16/12,1369.57
04/17/12,1390.78
04/18/12,1385.14
04/19/12,1376.92
04/20/12,1378.53
04/23/12,1366.94
04/24/12,1371.97
04/25/12,1390.69
04/26/12,1399.98
04/27/12,1403.36
04/30/12,1397.91
05/01/12,1405.82
05/02/12,1402.31
05/03/12,1391.57
05/04/12,1369.1
05/07/12,1369.58
05/08/12,1363.72
05/09/12,1354.58
05/10/12,1357.99
05/11/12,1353.39
05/14/12,1338.35
05/15/12,1330.66
05/16/12,1324.8
05/17/12,1304.86
05/18/12,1295.22
05/21/12,1315.99
05/22/12,1316.63
05/23/12,1318.86
05/24/12,1320.68
05/25/12,1317.82
05/28/12,0
05/29/12,1332.42
05/30/12,1313.32
05/31/12,1310.33
06/01/12,1278.04
06/04/12,1278.18
06/05/12,1285.5
06/06/12,1315.13
06/07/12,1314.99
06/08/12,1325.66
06/11/12,1308.93
06/12/12,1324.18
06/13/12,1314.88
06/14/12,1329.1
06/15/12,1342.84
06/18/12,1344.78
06/19/12,1357.98
06/20/12,1355.69
06/21/12,1325.51
06/22/12,1335.02
06/25/12,1313.72
06/26/12,1319.99
06/27/12,1331.85
06/28/12,1329.04
06/29/12,1362.16
07/02/12,1365.51
07/03/12,1374.02
07/04/12,0
07/05/12,1367.58
07/06/12,1354.68
07/09/12,1352.46
07/10/12,1341.47
07/11/12,1341.45
07/12/12,1334.76
07/13/12,1356.78
07/16/12,1353.64
07/17/12,1363.67
07/18/12,1372.78
07/19/12,1376.51
07/20/12,1362.66
07/23/12,1350.52
07/24/12,1338.31
07/25/12,1337.89
07/26/12,1360.02
07/27/12,1385.97
07/30/12,1385.3
07/31/12,1379.32
08/01/12,1375.14
08/02/12,1365
08/03/12,1390.99
08/06/12,1394.23
08/07/12,1401.35
08/08/12,1402.22
08/09/12,1402.8
08/10/12,1405.87
08/13/12,1404.11
08/14/12,1403.93
08/15/12,1405.53
08/16/12,1415.51
08/17/12,1418.16
08/20/12,1418.13
08/21/12,1413.17
08/22/12,1413.49
08/23/12,1402.08
08/24/12,1411.13
08/27/12,1410.44
08/28/12,1409.3
08/29/12,1410.49
08/30/12,1399.48
08/31/12,1406.58
09/03/12,0
09/04/12,1404.94
09/05/12,1403.44
09/06/12,1432.12
09/07/12,1437.92
09/10/12,1429.08
09/11/12,1433.56
09/12/12,1436.56
09/13/12,1459.99
09/14/12,1465.77
09/17/12,1461.19
09/18/12,1459.32
09/19/12,1461.05
09/20/12,1460.26
09/21/12,1460.15
09/24/12,1456.89
09/25/12,1441.59
09/26/12,1433.32
09/27/12,1447.15
09/28/12,1440.67
10/01/12,1444.49
10/02/12,1445.75
10/03/12,1450.99
10/04/12,1461.4
10/05/12,1460.93
10/08/12,1455.88
10/09/12,1441.48
10/10/12,1432.56
10/11/12,1432.84
10/12/12,1428.59
10/15/12,1440.13
10/16/12,1454.92
10/17/12,1460.91
10/18/12,1457.34
10/19/12,1433.19
10/22/12,1433.82
10/23/12,1413.11
10/24/12,1408.75
10/25/12,1412.97
10/26/12,1411.94
10/29/12,0
10/30/12,0
10/31/12,1412.16
11/01/12,1427.59
11/02/12,1414.2
11/05/12,1417.26
11/06/12,1428.39
11/07/12,1394.53
11/08/12,1377.51
11/09/12,1379.85
11/12/12,1380.03
11/13/12,1374.53
11/14/12,1355.49
11/15/12,1353.33
11/16/12,1359.88
11/19/12,1386.89
11/20/12,1387.81
11/21/12,1391.03
11/22/12,0
11/23/12,1409.15
11/26/12,1406.29
11/27/12,1398.94
11/28/12,1409.93
11/29/12,1415.95
11/30/12,1416.18
12/03/12,1409.46
12/04/12,1407.05
12/05/12,1409.28
12/06/12,1413.94
12/07/12,1418.07
12/10/12,1418.55
12/11/12,1427.84
12/12/12,1428.48
12/13/12,1419.45
12/14/12,1413.58
12/17/12,1430.36
12/18/12,1446.79
12/19/12,1435.81
12/20/12,1443.69
12/21/12,1430.15
12/24/12,1426.66
12/25/12,0
12/26/12,1419.83
12/27/12,1418.1
12/28/12,1402.43
12/31/12,1426.19
01/01/13,0
01/02/13,1462.42
01/03/13,1459.37
01/04/13,1466.47
01/07/13,1461.89
01/08/13,1457.15
01/09/13,1461.02
01/10/13,1472.12
01/11/13,1472.05
01/14/13,1470.68
01/15/13,1472.34
01/16/13,1472.63
01/17/13,1480.94
01/18/13,1485.98
01/21/13,0
01/22/13,1492.56
01/23/13,1494.81
01/24/13,1494.82
01/25/13,1502.96
01/28/13,1500.18
01/29/13,1507.84
01/30/13,1501.96
01/31/13,1498.11
02/01/13,1513.17
02/04/13,1495.71
02/05/13,1511.29
02/06/13,1512.12
02/07/13,1509.39
02/08/13,1517.93
02/11/13,1517.01
02/12/13,1519.43
02/13/13,1520.33
02/14/13,1521.38
02/15/13,1519.79
02/18/13,0
02/19/13,1530.94
02/20/13,1511.95
02/21/13,1502.42
02/22/13,1515.6
02/25/13,1487.85
02/26/13,1496.94
02/27/13,1515.99
02/28/13,1514.68
03/01/13,1518.2
03/04/13,1525.2
03/05/13,1539.79
03/06/13,1541.46
03/07/13,1544.26
03/08/13,1551.18
03/11/13,1556.22
03/12/13,1552.48
03/13/13,1554.52
03/14/13,1563.23
03/15/13,1560.7
03/18/13,1552.1
03/19/13,1548.34
03/20/13,1558.71
03/21/13,1545.8
03/22/13,1556.89
03/25/13,1551.69
03/26/13,1563.77
03/27/13,1562.85
03/28/13,1569.19
03/29/13,0
04/01/13,1562.17
04/02/13,1570.25
04/03/13,1553.69
04/04/13,1559.98
04/05/13,1553.28
04/08/13,1563.07
04/09/13,1568.61
04/10/13,1587.73
04/11/13,1593.37
04/12/13,1588.85
04/15/13,1552.36
04/16/13,1574.57
04/17/13,1552.01
04/18/13,1541.61
04/19/13,1555.25
04/22/13,1562.5
04/23/13,1578.78
04/24/13,1578.79
04/25/13,1585.16
04/26/13,1582.24
04/29/13,1593.61
04/30/13,1597.57
05/01/13,1582.7
05/02/13,1597.59
05/03/13,1614.42
05/06/13,1617.5
05/07/13,1625.96
05/08/13,1632.69
05/09/13,1626.67
05/10/13,1633.7
05/13/13,1633.77
05/14/13,1650.34
05/15/13,1658.78
05/16/13,1650.47
05/17/13,1667.47
05/20/13,1666.29
05/21/13,1669.16
05/22/13,1655.35
05/23/13,1650.51
05/24/13,1649.6
05/27/13,0
05/28/13,1660.06
05/29/13,1648.36
05/30/13,1654.41
05/31/13,1630.74
06/03/13,1640.42
06/04/13,1631.38
06/05/13,1608.9
06/06/13,1622.56
06/07/13,1643.38
06/10/13,1642.81
06/11/13,1626.13
06/12/13,1612.52
06/13/13,1636.36
06/14/13,1626.73
06/17/13,1639.04
06/18/13,1651.81
06/19/13,1628.93
06/20/13,1588.19
06/21/13,1592.43
06/24/13,1573.09
06/25/13,1588.03
06/26/13,1603.26
06/27/13,1613.2
06/28/13,1606.28
07/01/13,1614.96
07/02/13,1614.08
07/03/13,1615.41
07/04/13,0
07/05/13,1631.89
07/08/13,1640.46
07/09/13,1652.32
07/10/13,1652.62
07/11/13,1675.02
07/12/13,1680.19
07/15/13,1682.5
07/16/13,1676.26
07/17/13,1680.91
07/18/13,1689.37
07/19/13,1692.09
07/22/13,1695.53
07/23/13,1692.39
07/24/13,1685.94
07/25/13,1690.25
07/26/13,1691.65
07/29/13,1685.33
07/30/13,1685.96
07/31/13,1685.73
08/01/13,1706.87
08/02/13,1709.67
08/05/13,1707.14
08/06/13,1697.37
08/07/13,1690.91
08/08/13,1697.48
08/09/13,1691.42
08/12/13,1689.47
08/13/13,1694.16
08/14/13,1685.39
08/15/13,1661.32
08/16/13,1655.83
08/19/13,1646.06
08/20/13,1652.35
08/21/13,1642.8
08/22/13,1656.96
08/23/13,1663.5
08/26/13,1656.78
08/27/13,1630.48
08/28/13,1634.96
08/29/13,1638.17
08/30/13,1632.97
09/02/13,0
09/03/13,1639.77
09/04/13,1653.08
09/05/13,1655.08
09/06/13,1655.17
09/09/13,1671.71
09/10/13,1683.99
09/11/13,1689.13
09/12/13,1683.42
09/13/13,1687.99
09/16/13,1697.6
09/17/13,1704.76
09/18/13,1725.52
09/19/13,1722.34
09/20/13,1709.91
09/23/13,1701.84
09/24/13,1697.42
09/25/13,1692.77
09/26/13,1698.67
09/27/13,1691.75
09/30/13,1681.55
10/01/13,1695
10/02/13,1693.87
10/03/13,1678.66
10/04/13,1690.5
10/07/13,1676.12
10/08/13,1655.45
10/09/13,1656.4
10/10/13,1692.56
10/11/13,1703.2
10/14/13,1710.14
10/15/13,1698.06
10/16/13,1721.54
10/17/13,1733.15
10/18/13,1744.5
10/21/13,1744.66
10/22/13,1754.67
10/23/13,1746.38
10/24/13,1752.07
10/25/13,1759.77
10/28/13,1762.11
10/29/13,1771.95
10/30/13,1763.31
10/31/13,1756.54
11/01/13,1761.64
11/04/13,1767.93
11/05/13,1762.97
11/06/13,1770.49
11/07/13,1747.15
11/08/13,1770.61
11/11/13,1771.89
11/12/13,1767.69
11/13/13,1782
11/14/13,1790.62
11/15/13,1798.18
11/18/13,1791.53
11/19/13,1787.87
11/20/13,1781.37
11/21/13,1795.85
11/22/13,1804.76
11/25/13,1802.48
11/26/13,1802.75
11/27/13,1807.23
11/28/13,0
11/29/13,1805.81
12/02/13,1800.9
12/03/13,1795.15
12/04/13,1792.81
12/05/13,1785.03
12/06/13,1805.09
12/09/13,1808.37
12/10/13,1802.62
12/11/13,1782.22
12/12/13,1775.5
12/13/13,1775.32
12/16/13,1786.54
12/17/13,1781
12/18/13,1810.65
12/19/13,1809.6
12/20/13,1818.32
12/23/13,1827.99
12/24/13,1833.32
12/25/13,0
12/26/13,1842.02
12/27/13,1841.4
12/30/13,1841.07
12/31/13,1848.36
01/01/14,0
01/02/14,1831.98
01/03/14,1831.37
01/06/14,1826.77
01/07/14,1837.88
01/08/14,1837.49
01/09/14,1838.13
01/10/14,1842.37
01/13/14,1819.2
01/14/14,1838.88
01/15/14,1848.38
01/16/14,1845.89
01/17/14,1838.7
01/20/14,0
01/21/14,1843.8
01/22/14,1844.86
01/23/14,1828.46
01/24/14,1790.29
01/27/14,1781.56
01/28/14,1792.5
01/29/14,1774.2
01/30/14,1794.19
01/31/14,1782.59
02/03/14,1741.89
02/04/14,1755.2
02/05/14,1751.64
02/06/14,1773.43
02/07/14,1797.02
02/10/14,1799.84
02/11/14,1819.75
02/12/14,1819.26
02/13/14,1829.83
02/14/14,1838.63
02/17/14,0
02/18/14,1840.76
02/19/14,1828.75
02/20/14,1839.78
02/21/14,1836.25
02/24/14,1847.61
02/25/14,1845.12
02/26/14,1845.16
02/27/14,1854.29
02/28/14,1859.45
03/03/14,1845.73
03/04/14,1873.91
03/05/14,1873.81
03/06/14,1877.03
03/07/14,1878.04
03/10/14,1877.17
03/11/14,1867.63
03/12/14,1868.2
03/13/14,1846.34
03/14/14,1841.13
03/17/14,1858.83
03/18/14,1872.25
03/19/14,1860.77
03/20/14,1872.01
03/21/14,1866.52
03/24/14,1857.44
03/25/14,1865.62
03/26/14,1852.56
03/27/14,1849.04
03/28/14,1857.62
03/31/14,1872.34
04/01/14,1885.52
04/02/14,1890.9
04/03/14,1888.77
04/04/14,1865.09
04/07/14,1845.04
04/08/14,1851.96
04/09/14,1872.18
04/10/14,1833.08
04/11/14,1815.69
04/14/14,1830.61
04/15/14,1842.98
04/16/14,1862.31
04/17/14,1864.85
04/18/14,0
04/21/14,1871.89
04/22/14,1879.55
04/23/14,1875.39
04/24/14,1878.61
04/25/14,1863.4
04/28/14,1869.43
04/29/14,1878.33
04/30/14,1883.95
05/01/14,1883.68
05/02/14,1881.14
05/05/14,1884.66
05/06/14,1867.72
05/07/14,1878.21
05/08/14,1875.63
05/09/14,1878.48
05/12/14,1896.65
05/13/14,1897.45
05/14/14,1888.53
05/15/14,1870.85
05/16/14,1877.86
05/19/14,1885.08
05/20/14,1872.83
05/21/14,1888.03
05/22/14,1892.49
05/23/14,1900.53
05/26/14,0
05/27/14,1911.91
05/28/14,1909.78
05/29/14,1920.03
05/30/14,1923.57
06/02/14,1924.97
06/03/14,1924.24
06/04/14,1927.88
06/05/14,1940.46
06/06/14,1949.44
06/09/14,1951.27
06/10/14,1950.79
06/11/14,1943.89
06/12/14,1930.11
06/13/14,1936.16
06/16/14,1937.78
06/17/14,1941.99
06/18/14,1956.98
06/19/14,1959.48
06/20/14,1962.87
06/23/14,1962.61
06/24/14,1949.98
06/25/14,1959.53
06/26/14,1957.22
06/27/14,1960.96
06/30/14,1960.23
07/01/14,1973.32
07/02/14,1974.62
07/03/14,1985.44
07/04/14,0
07/07/14,1977.65
07/08/14,1963.71
07/09/14,1972.83
07/10/14,1964.68
07/11/14,1967.57
07/14/14,1977.1
07/15/14,1973.28
07/16/14,1981.57
07/17/14,1958.12
07/18/14,1978.22
07/21/14,1973.63
07/22/14,1983.53
07/23/14,1987.01
07/24/14,1987.98
07/25/14,1978.34
07/28/14,1978.91
07/29/14,1969.95
07/30/14,1970.07
07/31/14,1930.67
08/01/14,1925.15
08/04/14,1938.99
08/05/14,1920.21
08/06/14,1920.24
08/07/14,1909.57
08/08/14,1931.59
08/11/14,1936.92
08/12/14,1933.75
08/13/14,1946.72
08/14/14,1955.18
08/15/14,1955.06
08/18/14,1971.74
08/19/14,1981.6
08/20/14,1986.51
08/21/14,1992.37
08/22/14,1988.4
08/25/14,1997.92
08/26/14,2000.02
08/27/14,2000.12
08/28/14,1996.74
08/29/14,2003.37
09/01/14,0
09/02/14,2002.28
09/03/14,2000.72
09/04/14,1997.65
09/05/14,2007.71
09/08/14,2001.54
09/09/14,1988.44
09/10/14,1995.69
09/11/14,1997.45
09/12/14,1985.54
09/15/14,1984.13
09/16/14,1998.98
09/17/14,2001.57
09/18/14,2011.36
09/19/14,2010.4
09/22/14,1994.29
09/23/14,1982.77
09/24/14,1998.3
09/25/14,1965.99
09/26/14,1982.85
09/29/14,1977.8
09/30/14,1972.29
10/01/14,1946.16
10/02/14,1946.17
10/03/14,1967.9
10/06/14,1964.82
10/07/14,1935.1
10/08/14,1968.89
10/09/14,1928.21
10/10/14,1906.13
10/13/14,1874.74
10/14/14,1877.7
10/15/14,1862.49
10/16/14,1862.76
10/17/14,1886.76
10/20/14,1904.01
10/21/14,1941.28
10/22/14,1927.11
10/23/14,1950.82
10/24/14,1964.58
10/27/14,1961.63
10/28/14,1985.05
10/29/14,1982.3
10/30/14,1994.65
10/31/14,2018.05
11/03/14,2017.81
11/04/14,2012.1
11/05/14,2023.57
11/06/14,2031.21
11/07/14,2031.92
11/10/14,2038.26
11/11/14,2039.68
11/12/14,2038.25
11/13/14,2039.33
11/14/14,2039.82
11/17/14,2041.32
11/18/14,2051.8
11/19/14,2048.72
11/20/14,2052.75
11/21/14,2063.5
11/24/14,2069.41
11/25/14,2067.03
11/26/14,2072.83
11/27/14,0
11/28/14,2067.56
12/01/14,2053.44
12/02/14,2066.55
12/03/14,2074.33
12/04/14,2071.92
12/05/14,2075.37
12/08/14,2060.31
12/09/14,2059.82
12/10/14,2026.14
12/11/14,2035.33
12/12/14,2002.33
12/15/14,1989.63
12/16/14,1972.74
12/17/14,2012.89
12/18/14,2061.23
12/19/14,2070.65
12/22/14,2078.54
12/23/14,2082.17
12/24/14,2081.88
12/25/14,0
12/26/14,2088.77
12/29/14,2090.57
12/30/14,2080.35
12/31/14,2058.9
01/01/15,0
01/02/15,2058.2
01/05/15,2020.58
01/06/15,2002.61
01/07/15,2025.9
01/08/15,2062.14
01/09/15,2044.81
01/12/15,2028.26
01/13/15,2023.03
01/14/15,2011.27
01/15/15,1992.67
01/16/15,2019.42
01/19/15,0
01/20/15,2022.55
01/21/15,2032.12
01/22/15,2063.15
01/23/15,2051.82
01/26/15,2057.09
01/27/15,2029.55
01/28/15,2002.16
01/29/15,2021.25
01/30/15,1994.99
02/02/15,2020.85
02/03/15,2050.03
02/04/15,2041.51
02/05/15,2062.52
02/06/15,2055.47
02/09/15,2046.74
02/10/15,2068.59
02/11/15,2068.53
02/12/15,2088.48
02/13/15,2096.99
02/16/15,0
02/17/15,2100.34
02/18/15,2099.68
02/19/15,2097.45
02/20/15,2110.3
02/23/15,2109.66
02/24/15,2115.48
02/25/15,2113.86
02/26/15,2110.74
02/27/15,2104.5
03/02/15,2117.39
03/03/15,2107.78
03/04/15,2098.53
03/05/15,2101.04
03/06/15,2071.26
03/09/15,2079.43
03/10/15,2044.16
03/11/15,2040.24
03/12/15,2065.95
03/13/15,2053.4
03/16/15,2081.19
03/17/15,2074.28
03/18/15,2099.5
03/19/15,2089.27
03/20/15,2108.1
03/23/15,2104.42
03/24/15,2091.5
03/25/15,2061.05
03/26/15,2056.15
03/27/15,2061.02
03/30/15,2086.24
03/31/15,2067.89
04/01/15,2059.69
04/02/15,2066.96
04/03/15,0
04/06/15,2080.62
04/07/15,2076.33
04/08/15,2081.9
04/09/15,2091.18
04/10/15,2102.06
04/13/15,2092.43
04/14/15,2095.84
04/15/15,2106.63
04/16/15,2104.99
04/17/15,2081.18
04/20/15,2100.4
04/21/15,2097.29
04/22/15,2107.96
04/23/15,2112.93
04/24/15,2117.69
04/27/15,2108.92
04/28/15,2114.76
04/29/15,2106.85
04/30/15,2085.51
05/01/15,2108.29
05/04/15,2114.49
05/05/15,2089.46
05/06/15,2080.15
05/07/15,2088
05/08/15,2116.1
05/11/15,2105.33
05/12/15,2099.12
05/13/15,2098.48
05/14/15,2121.1
05/15/15,2122.73
05/18/15,2129.2
05/19/15,2127.83
05/20/15,2125.85
05/21/15,2130.82
05/22/15,2126.06
05/25/15,0
05/26/15,2104.2
05/27/15,2123.48
05/28/15,2120.79
05/29/15,2107.39
06/01/15,2111.73
06/02/15,2109.6
06/03/15,2114.07
06/04/15,2095.84
06/05/15,2092.83
06/08/15,2079.28
06/09/15,2080.15
06/10/15,2105.2
06/11/15,2108.86
06/12/15,2094.11
06/15/15,2084.43
06/16/15,2096.29
06/17/15,2100.44
06/18/15,2121.24
06/19/15,2109.99
06/22/15,2122.85
06/23/15,2124.2
06/24/15,2108.58
06/25/15,2102.31
06/26/15,2101.49
06/29/15,2057.64
06/30/15,2063.11
07/01/15,2077.42
07/02/15,2076.78
07/03/15,0
07/06/15,2068.76
07/07/15,2081.34
07/08/15,2046.68
07/09/15,2051.31
07/10/15,2076.62
07/13/15,2099.6
07/14/15,2108.95
07/15/15,2107.4
07/16/15,2124.29
07/17/15,2126.64
07/20/15,2128.28
07/21/15,2119.21
07/22/15,2114.15
07/23/15,2102.15
07/24/15,2079.65
07/27/15,2067.64
07/28/15,2093.25
07/29/15,2108.57
07/30/15,2108.63
07/31/15,2103.84
08/03/15,2098.04
08/04/15,2093.32
08/05/15,2099.84
08/06/15,2083.56
08/07/15,2077.57
08/10/15,2104.18
08/11/15,2084.07
08/12/15,2086.05
08/13/15,2083.39
08/14/15,2091.54
08/17/15,2102.44
08/18/15,2096.92
08/19/15,2079.61
08/20/15,2035.73
08/21/15,1970.89
08/24/15,1893.21
08/25/15,1867.61
08/26/15,1940.51
08/27/15,1987.66
08/28/15,1988.87
08/31/15,1972.18
09/01/15,1913.85
09/02/15,1948.86
09/03/15,1951.13
09/04/15,1921.22
09/07/15,0
09/08/15,1969.41
09/09/15,1942.04
09/10/15,1952.29
09/11/15,1961.05
09/14/15,1953.03
09/15/15,1978.09
09/16/15,1995.31
09/17/15,1990.2
09/18/15,1958.03
09/21/15,1966.97
09/22/15,1942.74
09/23/15,1938.76
09/24/15,1932.24
09/25/15,1931.34
09/28/15,1881.77
09/29/15,1884.09
09/30/15,1920.03
10/01/15,1923.82
10/02/15,1951.36
10/05/15,1987.05
10/06/15,1979.92
10/07/15,1995.83
10/08/15,2013.43
10/09/15,2014.89
10/12/15,2017.46
10/13/15,2003.69
10/14/15,1994.24
10/15/15,2023.86
10/16/15,2033.11
10/19/15,2033.66
10/20/15,2030.77
10/21/15,2018.94
10/22/15,2052.51
10/23/15,2075.15
10/26/15,2071.18
10/27/15,2065.89
10/28/15,2090.35
10/29/15,2089.41
10/30/15,2079.36
11/02/15,2104.05
11/03/15,2109.79
11/04/15,2102.31
11/05/15,2099.93
11/06/15,2099.2
11/09/15,2078.58
11/10/15,2081.72
11/11/15,2075
11/12/15,2045.97
11/13/15,2023.04
11/16/15,2053.19
11/17/15,2050.44
11/18/15,2083.58
11/19/15,2081.24
11/20/15,2089.17
11/23/15,2086.59
11/24/15,2089.14
11/25/15,2088.87
11/26/15,0
11/27/15,2090.11
11/30/15,2080.41
12/01/15,2102.63
12/02/15,2079.51
12/03/15,2049.62
12/04/15,2091.69
12/07/15,2077.07
12/08/15,2063.59
12/09/15,2047.62
12/10/15,2052.23
12/11/15,2012.37
12/14/15,2021.94
12/15/15,2043.41
12/16/15,2073.07
12/17/15,2041.89
12/18/15,2005.55
12/21/15,2021.15
12/22/15,2038.97
12/23/15,2064.29
12/24/15,2060.99
12/25/15,0
12/28/15,2056.5
12/29/15,2078.36
12/30/15,2063.36
12/31/15,2043.94
01/01/16,0
01/04/16,2012.66
01/05/16,2016.71
01/06/16,1990.26
01/07/16,1943.09
01/08/16,1922.03
01/11/16,1923.67
01/12/16,1938.68
01/13/16,1890.28
01/14/16,1921.84
01/15/16,1880.33
01/18/16,0
01/19/16,1881.33
01/20/16,1859.33
01/21/16,1868.99
01/22/16,1906.9
01/25/16,1877.08
01/26/16,1903.63
01/27/16,1882.95
01/28/16,1893.36
01/29/16,1940.24
02/01/16,1939.38
02/02/16,1903.03
02/03/16,1912.53
02/04/16,1915.45
02/05/16,1880.05
02/08/16,1853.44
02/09/16,1852.21
02/10/16,1851.86
02/11/16,1829.08
02/12/16,1864.78
02/15/16,0
02/16/16,1895.58
02/17/16,1926.82
02/18/16,1917.83
02/19/16,1917.78
02/22/16,1945.5
02/23/16,1921.27
02/24/16,1929.8
02/25/16,1951.7
02/26/16,1948.05
02/29/16,1932.23
03/01/16,1978.35
03/02/16,1986.45
03/03/16,1993.4
03/04/16,1999.99
03/07/16,2001.76
03/08/16,1979.26
03/09/16,1989.26
03/10/16,1989.57
03/11/16,2022.19
03/14/16,2019.64
03/15/16,2015.93
03/16/16,2027.22
03/17/16,2040.59
03/18/16,2049.58
03/21/16,2051.6
03/22/16,2049.8
03/23/16,2036.71
03/24/16,2035.94
03/25/16,0
03/28/16,2037.05
03/29/16,2055.01
03/30/16,2063.95
03/31/16,2059.74
04/01/16,2072.78
04/04/16,2066.13
04/05/16,2045.17
04/06/16,2066.66
04/07/16,2041.91
04/08/16,2047.6
04/11/16,2041.99
04/12/16,2061.72
04/13/16,2082.42
04/14/16,2082.78
04/15/16,2080.73
04/18/16,2094.34
04/19/16,2100.8
04/20/16,2102.4
04/21/16,2091.48
04/22/16,2091.58
04/25/16,2087.79
04/26/16,2091.7
04/27/16,2095.15
04/28/16,2075.81
04/29/16,2065.3
05/02/16,2081.43
05/03/16,2063.37
05/04/16,2051.12
05/05/16,2050.63
05/06/16,2057.14
05/09/16,2058.69
05/10/16,2084.39
05/11/16,2064.46
05/12/16,2064.11
05/13/16,2046.61
05/16/16,2066.66
05/17/16,2047.21
05/18/16,2047.63
05/19/16,2040.04
05/20/16,2052.32
05/23/16,2048.04
05/24/16,2076.06
05/25/16,2090.54
05/26/16,2090.1
05/27/16,2099.06
05/30/16,0
05/31/16,2096.96
06/01/16,2099.33
06/02/16,2105.26
06/03/16,2099.13
06/06/16,2109.41
06/07/16,2112.13
06/08/16,2119.12
06/09/16,2115.48
06/10/16,2096.07
06/13/16,2079.06
06/14/16,2075.32
06/15/16,2071.5
06/16/16,2077.99
06/17/16,2071.22
06/20/16,2083.25
06/21/16,2088.9
06/22/16,2085.45
06/23/16,2113.32
06/24/16,2037.41
06/27/16,2000.54
06/28/16,2036.09
06/29/16,2070.77
06/30/16,2098.86
07/01/16,2102.95
07/04/16,0
07/05/16,2088.55
07/06/16,2099.73
07/07/16,2097.9
07/08/16,2129.9
07/11/16,2137.16
07/12/16,2152.14
07/13/16,2152.43
07/14/16,2163.75
07/15/16,2161.74
07/18/16,2166.89
07/19/16,2163.78
07/20/16,2173.02
07/21/16,2165.17
07/22/16,2175.03
07/25/16,2168.48
07/26/16,2169.18
07/27/16,2166.58
07/28/16,2170.06
07/29/16,2173.6
08/01/16,2170.84
08/02/16,2157.03
08/03/16,2163.79
08/04/16,2164.25
08/05/16,2182.87
08/08/16,2180.89
08/09/16,2181.74
08/10/16,2175.49
08/11/16,2185.79
08/12/16,2184.05
08/15/16,2190.15
08/16/16,2178.15
08/17/16,2182.22
08/18/16,2187.02
08/19/16,2183.87
08/22/16,2182.64
08/23/16,2186.9
08/24/16,2175.44
08/25/16,2172.47
08/26/16,2169.04
08/29/16,2180.38
08/30/16,2176.12
08/31/16,2170.95
09/01/16,2170.86
09/02/16,2179.98
09/05/16,0
09/06/16,2186.48
09/07/16,2186.16
09/08/16,2181.3
09/09/16,2127.81
09/12/16,2159.04
09/13/16,2127.02
09/14/16,2125.77
09/15/16,2147.26
09/16/16,2139.16
09/19/16,2139.12
09/20/16,2139.76
09/21/16,2163.12
09/22/16,2177.18
09/23/16,2164.69
09/26/16,2146.1
09/27/16,2159.93
09/28/16,2171.37
09/29/16,2151.13
09/30/16,2168.27
10/03/16,2161.2
10/04/16,2150.49
10/05/16,2159.73
10/06/16,2160.77
10/07/16,2153.74
10/10/16,2163.66
10/11/16,2136.73
10/12/16,2139.18
10/13/16,2132.55
10/14/16,2132.98
10/17/16,2126.5
10/18/16,2139.6
10/19/16,2144.29
10/20/16,2141.34
10/21/16,2141.16
10/24/16,2151.33
10/25/16,2143.16
10/26/16,2139.43
10/27/16,2133.04
10/28/16,2126.41
10/31/16,2126.15
11/01/16,2111.72
11/02/16,2097.94
11/03/16,2088.66
11/04/16,2085.18
11/07/16,2131.52
11/08/16,2139.56
11/09/16,2163.26
11/10/16,2167.48
11/11/16,2164.45
11/14/16,2164.2
11/15/16,2180.39
11/16/16,2176.94
11/17/16,2187.12
11/18/16,2181.9
11/21/16,2198.18
11/22/16,2202.94
11/23/16,2204.72
11/24/16,0
11/25/16,2213.35
11/28/16,2201.72
11/29/16,2204.66
11/30/16,2198.81
12/01/16,2191.08
12/02/16,2191.95
12/05/16,2204.71
12/06/16,2212.23
12/07/16,2241.35
12/08/16,2246.19
12/09/16,2259.53
12/12/16,2256.96
12/13/16,2271.72
12/14/16,2253.28
12/15/16,2262.03
12/16/16,2258.07
12/19/16,2262.53
12/20/16,2270.76
12/21/16,2265.18
12/22/16,2260.96
12/23/16,2263.79
12/26/16,0
12/27/16,2268.88
12/28/16,2249.92
12/29/16,2249.26
12/30/16,2238.83
01/02/17,0
01/03/17,2257.83
01/04/17,2270.75
01/05/17,2269
01/06/17,2276.98
01/09/17,2268.9
01/10/17,2268.9
01/11/17,2275.32
01/12/17,2270.44
01/13/17,2274.64
01/16/17,0
01/17/17,2267.89
01/18/17,2271.89
01/19/17,2263.69
01/20/17,2271.31
01/23/17,2265.2
01/24/17,2280.07
01/25/17,2298.37
01/26/17,2296.68
01/27/17,2294.69
01/30/17,2280.9
01/31/17,2278.87
02/01/17,2279.55
02/02/17,2280.85
02/03/17,2297.42
02/06/17,2292.56
02/07/17,2293.08
02/08/17,2294.67
02/09/17,2307.87
02/10/17,2316.1
02/13/17,2328.25
02/14/17,2337.58
02/15/17,2349.25
02/16/17,2347.22
02/17/17,2351.16
02/20/17,0
02/21/17,2365.38
02/22/17,2362.82
02/23/17,2363.81
02/24/17,2367.34
02/27/17,2369.75
02/28/17,2363.64
03/01/17,2395.96
03/02/17,2381.92
03/03/17,2383.12
03/06/17,2375.31
03/07/17,2368.39
03/08/17,2362.98
03/09/17,2364.87
03/10/17,2372.6
03/13/17,2373.47
03/14/17,2365.45
03/15/17,2385.26
03/16/17,2381.38
03/17/17,2378.25
03/20/17,2373.47
03/21/17,2344.02
03/22/17,2348.45
03/23/17,2345.96
03/24/17,2343.98
03/27/17,2341.59
03/28/17,2358.57
03/29/17,2361.13
03/30/17,2368.06
03/31/17,2362.72
04/03/17,2358.84
04/04/17,2360.16
04/05/17,2352.95
04/06/17,2357.49
04/07/17,2355.54
04/10/17,2357.16
04/11/17,2353.78
04/12/17,2344.93
04/13/17,2328.95
04/14/17,0
04/17/17,2349.01
04/18/17,2342.19
04/19/17,2338.17
04/20/17,2355.84
04/21/17,2348.69
04/24/17,2374.15
04/25/17,2388.61
04/26/17,2387.45
04/27/17,2388.77
04/28/17,2384.2
05/01/17,2388.33
05/02/17,2391.17
05/03/17,2388.13
05/04/17,2389.52
05/05/17,2399.29
05/08/17,2399.38
05/09/17,2396.92
05/10/17,2399.63
05/11/17,2394.44
05/12/17,2390.9
05/15/17,2402.32
05/16/17,2400.67
05/17/17,2357.03
05/18/17,2365.72
05/19/17,2381.73
05/22/17,2394.02
05/23/17,2398.42
05/24/17,2404.39
05/25/17,2415.07
05/26/17,2415.82
05/29/17,0
05/30/17,2412.91
05/31/17,2411.8
06/01/17,2430.06
06/02/17,2439.07
06/05/17,2436.1
06/06/17,2429.33
06/07/17,2433.14
06/08/17,2433.79
06/09/17,2431.77
06/12/17,2429.39
06/13/17,2440.35
06/14/17,2437.92
06/15/17,2432.46
06/16/17,2433.15
06/19/17,2453.46
06/20/17,2437.03
06/21/17,2435.61
06/22/17,2434.5
06/23/17,2438.3
06/26/17,2439.07
06/27/17,2419.38
06/28/17,2440.69
06/29/17,2419.7
06/30/17,2423.41
07/03/17,2429.01
07/04/17,0
07/05/17,2432.54
07/06/17,2409.75
07/07/17,2425.18
07/10/17,2427.43
07/11/17,2425.53
07/12/17,2443.25
07/13/17,2447.83
07/14/17,2459.27
07/17/17,2459.14
07/18/17,2460.61
07/19/17,2473.83
07/20/17,2473.45
07/21/17,2472.54
07/24/17,2469.91
07/25/17,2477.13
07/26/17,2477.83
07/27/17,2475.42
07/28/17,2472.1
07/31/17,2470.3
08/01/17,2476.35
08/02/17,2477.57
08/03/17,2472.16
08/04/17,2476.83
08/07/17,2480.91
08/08/17,2474.92
08/09/17,2474.02
08/10/17,2438.21
08/11/17,2441.32
08/14/17,2465.84
08/15/17,2464.61
08/16/17,2468.11
08/17/17,2430.01
08/18/17,2425.55
08/21/17,2428.37
08/22/17,2452.51
08/23/17,2444.04
08/24/17,2438.97
08/25/17,2443.05
08/28/17,2444.24
08/29/17,2446.3
08/30/17,2457.59
08/31/17,2471.65
09/01/17,2476.55
09/04/17,0
09/05/17,2457.85
09/06/17,2465.54
09/07/17,2465.1
09/08/17,2461.43
09/11/17,2488.11
09/12/17,2496.48
09/13/17,2498.37
09/14/17,2495.62
09/15/17,2500.23
09/18/17,2503.87
09/19/17,2506.65
09/20/17,2508.24
09/21/17,2500.6
09/22/17,2502.22
09/25/17,2496.66
09/26/17,2496.84
09/27/17,2507.04
09/28/17,2510.06
09/29/17,2519.36
10/02/17,2529.12
10/03/17,2534.58
10/04/17,2537.74
10/05/17,2552.07
10/06/17,2549.33
10/09/17,2544.73
10/10/17,2550.64
10/11/17,2555.24
10/12/17,2550.93
10/13/17,2553.17
10/16/17,2557.64
10/17/17,2559.36
10/18/17,2561.26
10/19/17,2562.1
10/20/17,2575.21
10/23/17,2564.98
10/24/17,2569.13
10/25/17,2557.15
10/26/17,2560.4
10/27/17,2581.07
10/30/17,2572.83
10/31/17,2575.26
11/01/17,2579.36
11/02/17,2579.85
11/03/17,2587.84
11/06/17,2591.13
11/07/17,2590.64
11/08/17,2594.38
11/09/17,2584.62
11/10/17,2582.3
11/13/17,2584.84
11/14/17,2578.87
11/15/17,2564.62
11/16/17,2585.64
11/17/17,2578.85
11/20/17,2582.14
11/21/17,2599.03
11/22/17,2597.08
11/23/17,0
11/24/17,2602.42
11/27/17,2601.42
11/28/17,2627.04
11/29/17,2626.07
11/30/17,2647.58
12/01/17,2642.22
12/04/17,2639.44
12/05/17,2629.57
12/06/17,2629.27
12/07/17,2636.98
12/08/17,2651.5
12/11/17,2659.99
12/12/17,2664.11
12/13/17,2662.85
12/14/17,2652.01
12/15/17,2675.81
12/18/17,2690.16
12/19/17,2681.47
12/20/17,2679.25
12/21/17,2684.57
12/22/17,2683.34
12/25/17,0
12/26/17,2680.5
12/27/17,2682.62
12/28/17,2687.54
12/29/17,2673.61
01/01/18,0
01/02/18,2695.81
01/03/18,2713.06
01/04/18,2723.99
01/05/18,2743.15
01/08/18,2747.71
01/09/18,2751.29
01/10/18,2748.23
01/11/18,2767.56
01/12/18,2786.24
01/15/18,0
01/16/18,2776.42
01/17/18,2802.56
01/18/18,2798.03
01/19/18,2810.3
01/22/18,2832.97
01/23/18,2839.13
01/24/18,2837.54
01/25/18,2839.25
01/26/18,2872.87
01/29/18,2853.53
01/30/18,2822.43
01/31/18,2823.81
02/01/18,2821.98
02/02/18,2762.13
02/05/18,2648.94
02/06/18,2695.14
02/07/18,2681.66
02/08/18,2581
02/09/18,2619.55
02/12/18,2656
02/13/18,2662.94
02/14/18,2698.63
02/15/18,2731.2
02/16/18,2732.22
02/19/18,0
02/20/18,2716.26
02/21/18,2701.33
02/22/18,2703.96
02/23/18,2747.3
02/26/18,2779.6
02/27/18,2744.28
02/28/18,2713.83
03/01/18,2677.67
03/02/18,2691.25
03/05/18,2720.94
03/06/18,2728.12
03/07/18,2726.8
03/08/18,2738.97
03/09/18,2786.57
03/12/18,2783.02
03/13/18,2765.31
03/14/18,2749.48
03/15/18,2747.33
03/16/18,2752.01
03/19/18,2712.92
03/20/18,2716.94
03/21/18,2711.93
03/22/18,2643.69
03/23/18,2588.26
03/26/18,2658.55
03/27/18,2612.62
03/28/18,2605
03/29/18,2640.87
03/30/18,0
04/02/18,2581.88
04/03/18,2614.45
04/04/18,2644.69
04/05/18,2662.84
04/06/18,2604.47
04/09/18,2613.16
04/10/18,2656.87
04/11/18,2642.19
04/12/18,2663.99
04/13/18,2656.3
04/16/18,2677.84
04/17/18,2706.39
04/18/18,2708.64
04/19/18,2693.13
04/20/18,2670.14
04/23/18,2670.29
04/24/18,2634.56
04/25/18,2639.4
04/26/18,2666.94
04/27/18,2669.91
04/30/18,2648.05
05/01/18,2654.8
05/02/18,2635.67
05/03/18,2629.73
05/04/18,2663.42
05/07/18,2672.63
05/08/18,2671.92
05/09/18,2697.79
05/10/18,2723.07
05/11/18,2727.72
05/14/18,2730.13
05/15/18,2711.45
05/16/18,2722.46
05/17/18,2720.13
05/18/18,2712.97
05/21/18,2733.01
05/22/18,2724.44
05/23/18,2733.29
05/24/18,2727.76
05/25/18,2721.33
05/28/18,0
05/29/18,2689.86
05/30/18,2724.01
05/31/18,2705.27
06/01/18,2734.62
06/04/18,2746.87
06/05/18,2748.8
06/06/18,2772.35
06/07/18,2770.37
06/08/18,2779.03
06/11/18,2782
06/12/18,2786.85
06/13/18,2775.63
06/14/18,2782.49
06/15/18,2779.66
06/18/18,2773.75
06/19/18,2762.59
06/20/18,2767.32
06/21/18,2749.76
06/22/18,2754.88
06/25/18,2717.07
06/26/18,2723.06
06/27/18,2699.63
06/28/18,2716.31
06/29/18,2718.37
07/02/18,2726.71
07/03/18,2713.22
07/04/18,0
07/05/18,2736.61
07/06/18,2759.82
07/09/18,2784.17
07/10/18,2793.84
